{
  "lam0.850_s42": {
    "lambda": 0.85,
    "seed": 42,
    "flow_matrix": [
      [
        0.6776408174651507,
        0.0,
        0.0,
        0.0,
        0.0,
        0.0,
        0.0,
        0.0
      ],
      [
        0.0,
        0.6783757601284949,
        0.0,
        0.0,
        0.0,
        0.0,
        0.0,
        0.0
      ],
      [
        0.0,
        0.0,
        0.677945913763033,
        0.0,
        0.0,
        0.0,
        0.0,
        0.0
      ],
      [
        0.0,
        0.0,
        0.0,
        0.6758065690979034,
        0.0,
        0.0,
        0.0,
        0.0
      ],
      [
        0.0,
        0.0,
        0.0,
        0.0,
        0.6784094614218155,
        0.0,
        0.0,
        0.0
      ],
      [
        0.0,
        0.0,
        0.0,
        0.0,
        0.0,
        0.6769372153774295,
        0.0,
        0.0
      ],
      [
        0.0,
        0.0,
        0.0,
        0.0,
        0.0,
        0.0,
        0.6767461351899308,
        0.0
      ],
      [
        0.0,
        0.0,
        0.0,
        0.0,
        0.0,
        0.0,
        0.0,
        0.6773129545627312
      ]
    ],
    "flow_by_distance": {
      "0": 0.6773968533758112,
      "1": 0.0,
      "2": 0.0,
      "3": 0.0
    }
  },
  "lam0.850_s43": {
    "lambda": 0.85,
    "seed": 43,
    "flow_matrix": [
      [
        0.6791194800796581,
        0.0,
        0.0,
        0.0,
        0.0,
        0.0,
        0.0,
        0.0
      ],
      [
        0.0,
        0.6786185930566696,
        0.0,
        0.0,
        0.0,
        0.0,
        0.0,
        0.0
      ],
      [
        0.0,
        0.0,
        0.6764654226326763,
        0.0,
        0.0,
        0.0,
        0.0,
        0.0
      ],
      [
        0.0,
        0.0,
        0.0,
        0.6786416145766435,
        0.0,
        0.0,
        0.0,
        0.0
      ],
      [
        0.0,
        0.0,
        0.0,
        0.0,
        0.6794858569711941,
        0.0,
        0.0,
        0.0
      ],
      [
        0.0,
        0.0,
        0.0,
        0.0,
        0.0,
        0.6775686079756551,
        0.0,
        0.0
      ],
      [
        0.0,
        0.0,
        0.0,
        0.0,
        0.0,
        0.0,
        0.6785688073770565,
        0.0
      ],
      [
        0.0,
        0.0,
        0.0,
        0.0,
        0.0,
        0.0,
        0.0,
        0.679460511020739
      ]
    ],
    "flow_by_distance": {
      "0": 0.6784911117112865,
      "1": 0.0,
      "2": 0.0,
      "3": 0.0
    }
  },
  "lam1.043_s42": {
    "lambda": 1.043,
    "seed": 42,
    "flow_matrix": [
      [
        0.9962364634091045,
        0.5505217889890206,
        0.4672015316676766,
        0.4775562178525319,
        0.20197617742064955,
        0.30087967932087223,
        0.365226499763615,
        0.17829507010114576
      ],
      [
        0.5556912801780522,
        0.9963736102796981,
        0.4147780918820436,
        0.4132982228622101,
        0.16679537339828743,
        0.2650164748800645,
        0.32105451014304837,
        0.1544895938189627
      ],
      [
        0.3595859691698654,
        0.3533407854882548,
        0.9962683120073754,
        0.4727803411592052,
        0.1263109213465033,
        0.2103353487538368,
        0.26318199260169794,
        0.0919423695973926
      ],
      [
        0.2965812650956917,
        0.2949971215075978,
        0.35069338545438666,
        0.9962510303220105,
        0.11329472326655285,
        0.18032225838054539,
        0.21407724482066687,
        0.10196533896208367
      ],
      [
        0.10713878771311627,
        0.056498757285041265,
        0.0964735848619777,
        0.04132897719683351,
        0.9960593437840818,
        0.35475252482793507,
        0.1845445274720096,
        0.15017667119529005
      ],
      [
        0.10696284444300355,
        0.05283580160130061,
        0.10120940799220973,
        0.047559922533003916,
        0.37554086643721085,
        0.9961752722199213,
        0.199450544899537,
        0.16208655061733468
      ],
      [
        0.05857879184941879,
        0.05447053569927366,
        0.06642493465390481,
        0.05738417774367659,
        0.1486796521256229,
        0.16330957361654502,
        0.9962431659069935,
        0.4241882171157557
      ],
      [
        0.03589659434368783,
        0.031455319172724004,
        0.03566251781671358,
        0.03588445218732493,
        0.152952884162348,
        0.1610245702856184,
        0.4613518752322518,
        0.9961931878014173
      ]
    ],
    "flow_by_distance": {
      "0": 0.9962250482163253,
      "1": 0.44319003492422726,
      "2": 0.2749727612437611,
      "3": 0.1325290307396605
    }
  },
  "lam1.043_s43": {
    "lambda": 1.043,
    "seed": 43,
    "flow_matrix": [
      [
        0.9959728072789524,
        0.49200506699530244,
        0.17282937191153175,
        0.07199642811167878,
        0.36140072994288325,
        0.2593627948631334,
        0.21486671921102524,
        0.410854527695911
      ],
      [
        0.3080607327295012,
        0.9961551623945226,
        0.12194979671042351,
        0.06215801299681287,
        0.20770385929745283,
        0.15550314839963383,
        0.13511344490073787,
        0.23546884657463907
      ],
      [
        0.024156438049175343,
        0.04058175060691274,
        0.9959006392000944,
        0.17951000135834963,
        0.01320845697521483,
        0.00797417119213125,
        0.010798360318631307,
        0.01131133345715701
      ],
      [
        0.03690476239447191,
        0.05483397501753025,
        0.16231390780754065,
        0.9958047620608225,
        0.002147877301905859,
        0.008924065271108277,
        0.0,
        0.0019498646354089016
      ],
      [
        0.10348873700413999,
        0.08228426934009547,
        0.11555312663685066,
        0.01524686892609311,
        0.9959831373535849,
        0.29903509337143064,
        0.056189295473745154,
        0.16921993355081705
      ],
      [
        0.012176907515070706,
        0.01621412612813472,
        0.08535026777409835,
        0.004536159892407686,
        0.25683924202376074,
        0.9959080765530121,
        0.03039625151185601,
        0.128212335614028
      ],
      [
        0.0,
        0.0,
        0.0,
        0.0,
        0.0,
        0.0,
        0.9929501516909658,
        0.07326992443063807
      ],
      [
        0.2693689876449519,
        0.26143971057502596,
        0.09097389252805252,
        0.015473802629483698,
        0.25639555124289903,
        0.2033198149251763,
        0.21516911145408185,
        0.9958836629528429
      ]
    ],
    "flow_by_distance": {
      "0": 0.9955697999355997,
      "1": 0.24827538502132565,
      "2": 0.08932148238231616,
      "3": 0.09714672051973058
    }
  },
  "lam1.200_s42": {
    "lambda": 1.2,
    "seed": 42,