train_steps,theta_sys_mean,theta_sys_std,theta_cpl_mean,theta_cpl_std,rho_gru_mean,rho_gru_std,gru_r2_mean,gru_r2_std,gru_loss_mean
0,118.97148603366581,61.82174265734165,118.97148603366581,61.82174265734165,0.0,0.0,0.0,0.0,nan
100,113.09254059083108,68.23279662826562,113.09254059083108,68.23279662826562,0.6617067575454711,0.0019127884156695612,0.7437048120159533,0.0311035829790056,0.010715949301607908
500,113.09254059083108,68.23279662826562,113.09254059083108,68.23279662826562,0.6673868834972382,0.006389175198783275,0.8427765665407746,0.04011100342703114,0.004816945128142834
1000,113.09254059083108,68.23279662826562,113.09254059083108,68.23279662826562,0.6686360895633697,0.006395272949210477,0.8605940787728249,0.04246283397899727,0.004405740144662559
5000,113.09254059083108,68.23279662826562,113.09254059083108,68.23279662826562,0.7179105103015899,0.023688201513369988,0.8433585070358788,0.01483024375274165,0.004021562583744526
10000,123.1820092210432,60.059171994971265,123.1820092210432,60.059171994971265,0.7313197672367096,0.007959800401548613,0.8145097330830927,0.00209428566600059,0.003937686198856681
50000,123.1820092210432,60.059171994971265,123.1820092210432,60.059171994971265,0.6824682116508484,0.014310036316066367,0.6713719582374857,0.002126164970900851,0.006321321871131659
